apptainer,https://hsf-training.github.io/hsf-training-singularity-webpage/
singularity,https://hsf-training.github.io/hsf-training-singularity-webpage/
cicd-gitlab,https://hsf-training.github.io/hsf-training-cicd/
c++,https://github.com/hsf-training/cpluspluscourse
cpp,https://github.com/hsf-training/cpluspluscourse
cicd-github,https://hsf-training.github.io/hsf-training-cicd-github/
reana,https://hsf-training.github.io/hsf-training-reana-webpage/
ml,https://hsf-training.github.io/hsf-training-ml-webpage
ml-gpu,https://hsf-training.github.io/hsf-training-ml-gpu-webpage/
docker,https://hsf-training.github.io/hsf-training-docker
mpl,https://hsf-training.github.io/hsf-training-matplotlib/
matplotlib,https://hsf-training.github.io/hsf-training-matplotlib/
uproot,https://hsf-training.github.io/hsf-training-uproot-webpage/
scikit-hep,https://hsf-training.github.io/hsf-training-scikit-hep-webpage/
cmake,https://hsf-training.github.io/hsf-training-cmake-webpage
ssh,https://hsf-training.github.io/hsf-training-ssh-webpage/